Nuvem,Sombra De Nuvem,Terra Sem Nuvem,Agua Sem Nuvem,Neve,Sem Observacao
4.085298323495941,1.0433011171163997,85.61905567665667,0.026804821483671255,0.0018513541759980889,9.223688707071311
7.329255709171502,0.25652204206356316,26.192753176001403,0.009824121353280181,2.986055122577563e-05,66.21161509085903
0.6784118168154717,0.006323801181814261,98.7744499852356,0.5107846357510427,0.03002976101605502,0.0
11.352500489381256,1.6132594118798544,7.8263210805538135,0.0002554736049316359,0.0004943580147378409,79.20716918656541
3.4615047727114376,0.6247988560091041,16.4582068407205,0.005341720830388751,0.0008991343757983551,79.44924867535276
