Nuvem,Sombra de Nuvem,Nuvem Semi-Transparente,Terra Sem Nuvem,Sem Observação
4.035720684403834,1.7712383170593329,3.869635469026314,17.17270513369232,73.15070039581819
1.0269972561471263,0.9269586033224839,4.137309597512948,93.82520545718162,0.08352908583581342
81.69298044797463,0.6190888550469309,6.169265364083065,2.3654748988888556,9.153190434006522
1.106183290699102,0.12903739536365175,6.352758451365456,2.909543266279807,89.50247759629198
7.432658650767582,0.5547866463614919,5.848916393774407,15.445254826626323,70.71838348247019
