Sem dados,Saturadas ou Defeituosas,Sombras projetadas,Sombra de Nuvens,Vegetação,Não vegetado,Água,Não classificado,Nuvem média de probabilidade,Nuvem alta de probabilidade,Cirrus fino,Neve
0.0,0.0,0.0006270715757412882,0.011078264504762757,67.87679536564245,31.94395174534922,0.035683358714801876,0.08492340768610589,0.025500910746812384,0.018901728925915972,0.0025381468541909283,0.0
0.0,0.0,5.972110245155126e-05,1.4038639553286154,37.780733972349125,2.6194272746274896,0.0030159156738033383,0.17964107617426617,17.3465018364239,3.448027710591538,37.21872853772881,0.0
0.0,0.0,0.0,1.5115411030487624,20.61739675714414,6.222580548836931,0.017050374749917885,5.825674101943922,22.429812774343812,34.67983516975723,8.696109170175282,0.0
0.0,0.0,0.028725850279196153,0.14342022753740033,97.82704768730031,1.7262086058108632,0.12156230404013259,0.04628385439995222,0.0728896055421183,0.021111409716623366,0.012750455373406192,0.0
0.0,0.0,0.0012541431514825764,8.215324434889068,54.76675923437546,14.443220161844186,0.028964734689002358,0.5318761384335154,8.691540505837738,7.082833169100302,6.238227477679239,0.0
