Nuvem,Sem Nuvem
4.208366926453462,95.79163307354654
6.51148138194631,93.48851861805369
5.6249514766042585,94.37504852339575
12.193376929738124,87.80662307026188
3.681746245035683,96.31825375496432
