Nuvem,Sombra De Nuvem,Terra Sem Nuvem,Agua Sem Nuvem,Neve,Sem Observacao
6.2880249236067565,2.504792618471737,18.03299922694351,0.0010749798441279227,0.004591889210719274,73.16851636192315
2.0249667386637733,1.2425240792167245,96.0830455107979,0.3711666517363911,0.2077066764874702,0.07059034309773358
86.64087378608565,3.6520648571172627,0.5288701762767873,0.0005607147952395647,0.003543452078792041,9.174087013646272
1.891005670186894,0.46442447105351337,8.130782578690846,0.0,0.0006735213220924947,89.51311375874666
9.701945249020408,1.0390542831642895,18.517596159269544,0.003045776225029114,0.0061944054598358994,70.7321641268609
