Nuvem,Sem Nuvem
72.34336647854519,27.656633521454804
36.361730717549044,63.638269282450956
99.51073486816566,0.4892651318343337
38.53080115858939,61.46919884141061
44.22123682403177,55.77876317596823
