Nuvem,Sem Nuvem
6.868046224133298,93.1319537758667
0.9281555137507839,99.07184448624922
90.68625518827076,9.313744811729224
10.285407148615963,89.71459285138404
16.477738959061185,83.52226104093882
