Nuvem,Sem Nuvem
59.074024306488695,40.925975693511305
99.67529636597091,0.3247036340290842
83.49577473200155,16.50422526799845
99.92077995759801,0.07922004240198274
70.67855116605453,29.321448833945475
