Nuvem,Sem Nuvem
49.35417599808892,50.64582400191108
53.58463973244946,46.41536026755054
86.5148257636836,13.485174236316402
0.17525157514407716,99.82474842485593
28.345695601540804,71.6543043984592
