Nuvem,Sombra De Nuvem,Terra Sem Nuvem,Agua Sem Nuvem,Neve,Sem Observacao
2.8597449908925316,0.0,96.93989071038251,0.0,0.20036429872495445,0.0
40.01821493624772,4.735883424408015,55.009107468123865,0.23679417122040072,0.0,0.0
92.27686703096539,5.428051001821493,2.2950819672131146,0.0,0.0,0.0
0.0,0.0,98.36065573770492,1.4754098360655739,0.16393442622950818,0.0
9.198542805100182,4.134790528233151,86.5391621129326,0.1092896174863388,0.018214936247723135,0.0
