Sem dados,Saturadas ou Defeituosas,Sombras projetadas,Sombra de Nuvens,Vegetação,Não vegetado,Água,Não classificado,Nuvem média de probabilidade,Nuvem alta de probabilidade,Cirrus fino,Neve
9.223118038758995,0.0,0.008958165367732689,0.06428976678909493,53.09919675117203,33.64830242766281,0.013228224193018605,0.5208277344799785,0.7346292812565319,1.594732598763773,1.0927170115560334,0.0
66.22007226253398,0.0,0.00014930275612887813,0.001612469766191884,15.711965122876167,7.995640359521036,0.005106154259607632,0.006210994654961331,2.614858610289946,0.23356923168801696,7.2108154916539755,0.0
0.0,0.0,0.0010749798441279227,0.0,70.30365194541491,8.240735763982203,0.4262892292991729,0.1762966944369793,0.0015527486637403327,0.0,20.850398638358865,0.0
79.19657200871927,0.0,0.006509600167219087,0.1762966944369793,6.6205918361252944,4.057212816148586,0.0,1.087700438950103,2.6668458299740214,6.181492430350264,0.006778345128251068,0.0
79.43963689569709,0.0,0.002239541341933172,0.15802203708680462,11.065125862223416,4.731314760070471,0.0,0.10068977873331543,0.7725223207620413,0.7092478127146227,3.021200991370301,0.0
