Nuvem,Sombra de Nuvem,Nuvem Semi-Transparente,Terra Sem Nuvem,Sem Observação
3.291504507284316,0.38777824227524127,9.43470824582533,77.67701998334445,9.208989021270666
2.8911972753905926,0.0486892876931397,14.781780750561543,16.070830056967296,66.20750262938742
0.3136195633060275,0.0,68.65143197932323,31.01908835737108,0.01586009999966822
10.765301873583697,0.19713272351452052,4.455736709566326,5.394355028682718,79.18747366465274
2.3954797761122224,0.14864001778361718,14.44073924771318,3.5840018778968883,79.43113908049409
